Year,Living Planet Index,Upper CI,Lower CI
1970,100,100,100
1971,103.71096,109.73047,98.47158
1972,104.83867000000001,114.40424,96.100694
1973,104.1134,114.80968,93.620443
1974,104.98114999999999,116.57597,93.8733
1975,105.98035999999999,118.40523,94.33209000000001
1976,106.01545999999999,119.12738,93.97155000000001
1977,104.16127,117.26179,92.153233
1978,102.56186000000001,115.72869999999999,90.49999
1979,101.44664000000002,114.75374000000001,89.24706
1980,100.67151999999999,114.19536,88.32681
1981,99.026155,112.65767,86.6304
1982,96.717304,110.36654999999999,84.34331
1983,93.70903,107.25349,81.48149000000001
1984,92.25159000000001,106.70655,79.47895
1985,92.458534,108.66195,78.492355
1986,94.252414,113.65441999999999,78.26455
1987,94.757587,116.5778,77.42004
1988,94.40385,118.01323,76.22282
1989,93.061244,117.27253,74.67910599999999
1990,90.09349,114.69969,71.54258999999999
1991,86.526734,111.54144,67.83386
1992,82.85733499999999,108.19927,64.09076
1993,78.79221,104.01789,60.28006
1994,75.63638999999999,100.8917,57.15854
1995,72.34422,97.493047,54.07322
1996,70.80678,96.063626,52.50692
1997,68.932796,94.21723,50.77584
1998,66.69414,91.799045,48.745551999999996
1999,64.504075,89.51847000000001,46.805006
2000,62.26602,86.936504,44.924057
2001,61.274499999999996,85.811317,43.987494999999996
2002,61.50519,86.17513,43.99993
2003,62.201874999999994,87.21953,44.328162
2004,63.06195,88.82842,44.817626
2005,62.876225,89.2961,44.50083
2006,62.67986,89.850974,44.099128
2007,59.98012000000001,86.90742,41.737357
2008,55.849594,81.72202,38.40117
2009,50.052905,74.30290000000001,33.88529
2010,46.797657,70.76373000000001,31.154041999999997
2011,44.423908,68.612015,28.923032
2012,43.996629999999996,69.18258,28.050642999999997
2013,44.64906,71.09429,27.924296
2014,45.918136999999994,73.70648,28.423893
2015,46.883875,75.92752,28.74162
2016,44.755146,73.144644,27.245098000000002
2017,44.335765,73.03723,26.841158
2018,44.679649999999995,74.030787,26.983684000000004
